{
	"planet name":"GJ 1214 b",
	"period":1.58040481,
	"t0":54966.524918,
	"inc":88.794,
	"aprs":15.049,
	"rprs":0.11710,
	"ecc":0.0,
	"omega":180.0,
	"u1":0.110,
	"u2":0.0,
	"source":"Fraine et al. 2013"
}
